{
  "hash": "6e2e6559",
  "configHash": "7c9090bd",
  "lockfileHash": "9f964583",
  "browserHash": "ab12c11c",
  "optimized": {
    "@angular/common": {
      "src": "../../../../../node_modules/@angular/common/fesm2022/common.mjs",
      "file": "@angular_common.js",
      "fileHash": "6487d819",
      "needsInterop": false
    },
    "@angular/common/http": {
      "src": "../../../../../node_modules/@angular/common/fesm2022/http.mjs",
      "file": "@angular_common_http.js",
      "fileHash": "2d660c86",
      "needsInterop": false
    },
    "@angular/core": {
      "src": "../../../../../node_modules/@angular/core/fesm2022/core.mjs",
      "file": "@angular_core.js",
      "fileHash": "56c11156",
      "needsInterop": false
    },
    "@angular/forms": {
      "src": "../../../../../node_modules/@angular/forms/fesm2022/forms.mjs",
      "file": "@angular_forms.js",
      "fileHash": "438c09e2",
      "needsInterop": false
    },
    "@angular/platform-browser": {
      "src": "../../../../../node_modules/@angular/platform-browser/fesm2022/platform-browser.mjs",
      "file": "@angular_platform-browser.js",
      "fileHash": "6565f37e",
      "needsInterop": false
    },
    "@angular/router": {
      "src": "../../../../../node_modules/@angular/router/fesm2022/router.mjs",
      "file": "@angular_router.js",
      "fileHash": "69219d1e",
      "needsInterop": false
    }
  },
  "chunks": {
    "chunk-CUFAHBLZ": {
      "file": "chunk-CUFAHBLZ.js"
    },
    "chunk-GBGEOC5K": {
      "file": "chunk-GBGEOC5K.js"
    },
    "chunk-YLPJTMNJ": {
      "file": "chunk-YLPJTMNJ.js"
    },
    "chunk-P4ETV32E": {
      "file": "chunk-P4ETV32E.js"
    }
  }
}